{"total_pred_migrants": 352080.18318653107, "total_pred_migrants_6months": 160769.0768184662}