{"total_pred_migrants": 350910.2548570633, "total_pred_migrants_6months": 158375.1606988907}